{"cameraMode":{"drawMode":0,"name":"Shaded","section":"Shading Mode"},"sceneLighting":false,"audioPlay":false,"sceneViewState":{"m_AlwaysRefresh":false,"showFog":false,"showSkybox":false,"showFlares":false,"showImageEffects":false,"showParticleSystems":false,"showVisualEffectGraphs":true,"m_FxEnabled":true},"in2DMode":false,"pivot":{"x":-0.5114612579345703,"y":0.25569015741348269,"z":1.3257277011871338},"rotation":{"x":-0.07133914530277252,"y":-0.9172998070716858,"z":0.19151000678539277,"w":-0.34183695912361147},"size":0.12926998734474183,"orthographic":false}